-- --------------------------------------------------------
-- Host:                         127.0.0.1
-- Versi server:                 8.0.30 - MySQL Community Server - GPL
-- OS Server:                    Win64
-- HeidiSQL Versi:               12.1.0.6537
-- --------------------------------------------------------

/*!40101 SET @OLD_CHARACTER_SET_CLIENT=@@CHARACTER_SET_CLIENT */;
/*!40101 SET NAMES utf8 */;
/*!50503 SET NAMES utf8mb4 */;
/*!40103 SET @OLD_TIME_ZONE=@@TIME_ZONE */;
/*!40103 SET TIME_ZONE='+00:00' */;
/*!40014 SET @OLD_FOREIGN_KEY_CHECKS=@@FOREIGN_KEY_CHECKS, FOREIGN_KEY_CHECKS=0 */;
/*!40101 SET @OLD_SQL_MODE=@@SQL_MODE, SQL_MODE='NO_AUTO_VALUE_ON_ZERO' */;
/*!40111 SET @OLD_SQL_NOTES=@@SQL_NOTES, SQL_NOTES=0 */;

-- Membuang data untuk tabel dp_caplang.master_brand: ~3 rows (lebih kurang)
INSERT INTO `master_brand` (`id`, `nama_brand`, `created_at`, `updated_at`) VALUES
	(1, 'AMBONIA', '2024-05-26 06:52:15', '2024-05-26 06:52:15'),
	(2, 'BA', '2024-05-26 06:52:15', '2024-05-26 06:52:15'),
	(3, 'BL', '2024-05-26 06:52:15', '2024-05-26 06:52:15'),
	(4, 'EDS', '2024-05-26 06:52:15', '2024-05-26 06:52:15'),
	(5, 'LANG', '2024-05-26 06:52:15', '2024-05-26 06:52:15'),
	(6, 'GELIGA', '2024-05-26 06:52:15', '2024-05-26 06:52:15'),
	(7, 'GO', '2024-05-26 06:52:15', '2024-05-26 06:52:15'),
	(8, 'GP', '2024-05-26 06:52:16', '2024-05-26 06:52:16'),
	(9, 'GPU', '2024-05-26 06:52:16', '2024-05-26 06:52:16'),
	(10, 'IFREE', '2024-05-26 06:52:16', '2024-05-26 06:52:16'),
	(11, 'KF', '2024-05-26 06:52:16', '2024-05-26 06:52:16'),
	(12, 'MAL', '2024-05-26 06:52:16', '2024-05-26 06:52:16'),
	(13, 'MAMO', '2024-05-26 06:52:16', '2024-05-26 06:52:16'),
	(14, 'MEA', '2024-05-26 06:52:16', '2024-05-26 06:52:16'),
	(15, 'MKP', '2024-05-26 06:52:16', '2024-05-26 06:52:16'),
	(16, 'MKPP', '2024-05-26 06:52:16', '2024-05-26 06:52:16'),
	(17, 'NORIT', '2024-05-26 06:52:16', '2024-05-26 06:52:16'),
	(18, 'PROTEC', '2024-05-26 06:52:16', '2024-05-26 06:52:16'),
	(19, 'PSP', '2024-05-26 06:52:16', '2024-05-26 06:52:16'),
	(20, 'PURASIL', '2024-05-26 06:52:16', '2024-05-26 06:52:16'),
	(21, 'SITRONELA', '2024-05-26 06:52:16', '2024-05-26 06:52:16'),
	(22, 'TL', '2024-05-26 06:52:16', '2024-05-26 06:52:16'),
	(23, 'TLP', '2024-05-26 06:52:16', '2024-05-26 06:52:16'),
	(24, 'VF', '2024-05-26 06:52:16', '2024-05-26 06:52:16');

-- Membuang data untuk tabel dp_caplang.master_kategori: ~0 rows (lebih kurang)
INSERT INTO `master_kategori` (`id`, `nama_kategori`, `created_at`, `updated_at`) VALUES
	(1, 'BODY & BABY CARE', '2024-05-26 06:49:19', '2024-05-26 06:49:19'),
	(2, 'HEALTH & HYGINE CARE', '2024-05-26 06:49:19', '2024-05-26 06:49:19'),
	(3, 'MUSCLE CARE', '2024-05-26 06:49:19', '2024-05-26 06:49:19');

-- Membuang data untuk tabel dp_caplang.master_sku: ~113 rows (lebih kurang)
INSERT INTO `master_sku` (`id`, `sku`, `brand`, `kategori`, `keterangan`, `user_id`, `created_at`, `updated_at`) VALUES
	(1, 'AMBONIA 25', 1, 1, 'AMBONIA', 1, '2024-05-26 07:26:08', '2024-05-26 07:26:08'),
	(2, 'AMBONIA 100', 1, 1, 'AMBONIA', 1, '2024-05-26 07:26:08', '2024-05-26 07:26:08'),
	(3, 'BA 10', 2, 1, 'BALSEM AKTIV', 1, '2024-05-26 07:26:08', '2024-05-26 07:26:08'),
	(4, 'BA 20', 2, 1, 'BALSEM AKTIV', 1, '2024-05-26 07:26:08', '2024-05-26 07:26:08'),
	(5, 'BA 40', 2, 1, 'BALSEM AKTIV', 1, '2024-05-26 07:26:08', '2024-05-26 07:26:08'),
	(6, 'BL 10', 3, 1, 'BALSEM LANG', 1, '2024-05-26 07:26:08', '2024-05-26 07:26:08'),
	(7, 'BL 20', 3, 1, 'BALSEM LANG', 1, '2024-05-26 07:26:08', '2024-05-26 07:26:08'),
	(8, 'BL 40', 3, 1, 'BALSEM LANG', 1, '2024-05-26 07:26:08', '2024-05-26 07:26:08'),
	(9, 'EDS 50', 4, 2, 'EAGLE DISINFECTANT SPRAY', 1, '2024-05-26 07:26:08', '2024-05-26 07:26:08'),
	(10, 'EDS 280', 4, 2, 'EAGLE DISINFECTANT SPRAY', 1, '2024-05-26 07:26:08', '2024-05-26 07:26:08'),
	(11, 'EDS 500', 4, 2, 'EAGLE DISINFECTANT SPRAY', 1, '2024-05-26 07:26:08', '2024-05-26 07:26:08'),
	(12, 'EDS TTO 50', 4, 2, 'EAGLE DISINFECTANT SPRAY TEA TREE OIL', 1, '2024-05-26 07:26:08', '2024-05-26 07:26:08'),
	(13, 'EDS TTO 280', 4, 2, 'EAGLE DISINFECTANT SPRAY TEA TREE OIL', 1, '2024-05-26 07:26:08', '2024-05-26 07:26:08'),
	(14, 'EDS TTO 500', 4, 2, 'EAGLE DISINFECTANT SPRAY TEA TREE OIL', 1, '2024-05-26 07:26:08', '2024-05-26 07:26:08'),
	(15, 'INH', 5, 2, 'INHALER LANG', 1, '2024-05-26 07:26:08', '2024-05-26 07:26:08'),
	(16, 'BOG 10', 6, 3, 'BALSEM OTOT GELIGA', 1, '2024-05-26 07:26:08', '2024-05-26 07:26:08'),
	(17, 'BOG 20', 6, 3, 'BALSEM OTOT GELIGA', 1, '2024-05-26 07:26:08', '2024-05-26 07:26:08'),
	(18, 'BOG 40', 6, 3, 'BALSEM OTOT GELIGA', 1, '2024-05-26 07:26:08', '2024-05-26 07:26:08'),
	(19, 'GK 30', 6, 3, 'GELIGA KRIM', 1, '2024-05-26 07:26:08', '2024-05-26 07:26:08'),
	(20, 'GK 60', 6, 3, 'GELIGA KRIM', 1, '2024-05-26 07:26:08', '2024-05-26 07:26:08'),
	(21, 'MOG 30', 6, 3, 'MINYAK OTOT GELIGA', 1, '2024-05-26 07:26:08', '2024-05-26 07:26:08'),
	(22, 'MOG 60', 6, 3, 'MINYAK OTOT GELIGA', 1, '2024-05-26 07:26:08', '2024-05-26 07:26:08'),
	(23, 'Geliga Stik (GS)', 6, 3, 'GELIGA STIK', 1, '2024-05-26 07:26:08', '2024-05-26 07:26:08'),
	(24, 'GO 3', 7, 1, 'GREEN OIL', 1, '2024-05-26 07:26:08', '2024-05-26 07:26:08'),
	(25, 'GO 5', 7, 1, 'GREEN OIL', 1, '2024-05-26 07:26:08', '2024-05-26 07:26:08'),
	(26, 'GO 10', 7, 1, 'GREEN OIL', 1, '2024-05-26 07:26:08', '2024-05-26 07:26:08'),
	(27, 'GP 30', 8, 3, 'GANDAPURA', 1, '2024-05-26 07:26:08', '2024-05-26 07:26:08'),
	(28, 'GP 60', 8, 3, 'GANDAPURA', 1, '2024-05-26 07:26:08', '2024-05-26 07:26:08'),
	(29, 'GPU SRH 30', 9, 3, 'GPU SEREH', 1, '2024-05-26 07:26:08', '2024-05-26 07:26:08'),
	(30, 'GPU SRH 60', 9, 3, 'GPU SEREH', 1, '2024-05-26 07:26:08', '2024-05-26 07:26:08'),
	(31, 'GPU SRH 100', 9, 3, 'GPU SEREH', 1, '2024-05-26 07:26:08', '2024-05-26 07:26:08'),
	(32, 'GPU PALA 30', 9, 3, 'GPU PALA', 1, '2024-05-26 07:26:08', '2024-05-26 07:26:08'),
	(33, 'GPU PALA 60', 9, 3, 'GPU PALA', 1, '2024-05-26 07:26:08', '2024-05-26 07:26:08'),
	(34, 'GPU PALA 100', 9, 3, 'GPU PALA', 1, '2024-05-26 07:26:08', '2024-05-26 07:26:08'),
	(35, 'GPU JAHE 30', 9, 3, 'GPU JAHE', 1, '2024-05-26 07:26:08', '2024-05-26 07:26:08'),
	(36, 'GPU JAHE 60', 9, 3, 'GPU JAHE', 1, '2024-05-26 07:26:08', '2024-05-26 07:26:08'),
	(37, 'GPU JAHE 100', 9, 3, 'GPU JAHE', 1, '2024-05-26 07:26:08', '2024-05-26 07:26:08'),
	(38, 'GPUK SRH 60', 9, 3, 'GPU KRIM SEREH', 1, '2024-05-26 07:26:08', '2024-05-26 07:26:08'),
	(39, 'GPUK SRH 150', 9, 3, 'GPU KRIM SEREH', 1, '2024-05-26 07:26:08', '2024-05-26 07:26:08'),
	(40, 'GPUK SRH 250', 9, 3, 'GPU KRIM SEREH', 1, '2024-05-26 07:26:08', '2024-05-26 07:26:08'),
	(41, 'GPUK PALA 60', 9, 3, 'GPU KRIM PALA', 1, '2024-05-26 07:26:08', '2024-05-26 07:26:08'),
	(42, 'GPUK PALA 150', 9, 3, 'GPU KRIM PALA', 1, '2024-05-26 07:26:08', '2024-05-26 07:26:08'),
	(43, 'GPUK PALA 250', 9, 3, 'GPU KRIM PALA', 1, '2024-05-26 07:26:08', '2024-05-26 07:26:08'),
	(44, 'GPUK JAHE 60', 9, 3, 'GPU KRIM JAHE', 1, '2024-05-26 07:26:08', '2024-05-26 07:26:08'),
	(45, 'GPUK JAHE 150', 9, 3, 'GPU KRIM JAHE', 1, '2024-05-26 07:26:08', '2024-05-26 07:26:08'),
	(46, 'GPUK JAHE 250', 9, 3, 'GPU KRIM JAHE', 1, '2024-05-26 07:26:08', '2024-05-26 07:26:08'),
	(47, 'GPUK HOT 120', 9, 3, 'GPU KRIM HOT', 1, '2024-05-26 07:26:08', '2024-05-26 07:26:08'),
	(48, 'IFREE', 10, 2, 'IFREE', 1, '2024-05-26 07:26:08', '2024-05-26 07:26:08'),
	(49, 'KF BABY', 11, 2, 'KOOLFEVER BAYI', 1, '2024-05-26 07:26:08', '2024-05-26 07:26:08'),
	(50, 'KF KID', 11, 2, 'KOOLFEVER ANAK', 1, '2024-05-26 07:26:08', '2024-05-26 07:26:08'),
	(51, 'KF ADULT', 11, 2, 'KOOLFEVER DEWASA', 1, '2024-05-26 07:26:08', '2024-05-26 07:26:08'),
	(52, 'MAL 3', 12, 1, 'MINYAK ANGIN LANG', 1, '2024-05-26 07:26:08', '2024-05-26 07:26:08'),
	(53, 'MAL 6', 12, 1, 'MINYAK ANGIN LANG', 1, '2024-05-26 07:26:08', '2024-05-26 07:26:08'),
	(54, 'MAL 12', 12, 1, 'MINYAK ANGIN LANG', 1, '2024-05-26 07:26:08', '2024-05-26 07:26:08'),
	(55, 'MAL 24', 12, 1, 'MINYAK ANGIN LANG', 1, '2024-05-26 07:26:08', '2024-05-26 07:26:08'),
	(56, 'MAL 36', 12, 1, 'MINYAK ANGIN LANG', 1, '2024-05-26 07:26:08', '2024-05-26 07:26:08'),
	(57, 'MAMO 3', 13, 1, 'MINYAK ANGIN MENTHOL OIL', 1, '2024-05-26 07:26:08', '2024-05-26 07:26:08'),
	(58, 'MAMO 5', 13, 1, 'MINYAK ANGIN MENTHOL OIL', 1, '2024-05-26 07:26:08', '2024-05-26 07:26:08'),
	(59, 'MAMO 10', 13, 1, 'MINYAK ANGIN MENTHOL OIL', 1, '2024-05-26 07:26:08', '2024-05-26 07:26:08'),
	(60, 'MAMO 56', 13, 1, 'MINYAK ANGIN MENTHOL OIL', 1, '2024-05-26 07:26:08', '2024-05-26 07:26:08'),
	(61, 'MEA ORI 15', 14, 1, 'MINYAK EUCALYPTUS AROMATHERAPY ORIGINAL', 1, '2024-05-26 07:26:08', '2024-05-26 07:26:08'),
	(62, 'MEA ORI 30', 14, 1, 'MINYAK EUCALYPTUS AROMATHERAPY ORIGINAL', 1, '2024-05-26 07:26:08', '2024-05-26 07:26:08'),
	(63, 'MEA ORI 60', 14, 1, 'MINYAK EUCALYPTUS AROMATHERAPY ORIGINAL', 1, '2024-05-26 07:26:08', '2024-05-26 07:26:08'),
	(64, 'MEA ORI 120', 14, 1, 'MINYAK EUCALYPTUS AROMATHERAPY ORIGINAL', 1, '2024-05-26 07:26:08', '2024-05-26 07:26:08'),
	(65, 'MEA ORI 210', 14, 1, 'MINYAK EUCALYPTUS AROMATHERAPY ORIGINAL', 1, '2024-05-26 07:26:08', '2024-05-26 07:26:08'),
	(66, 'MEA ROSE 15', 14, 1, 'MINYAK EUCALYPTUS AROMATHERAPY ROSE', 1, '2024-05-26 07:26:08', '2024-05-26 07:26:08'),
	(67, 'MEA ROSE 30', 14, 1, 'MINYAK EUCALYPTUS AROMATHERAPY ROSE', 1, '2024-05-26 07:26:08', '2024-05-26 07:26:08'),
	(68, 'MEA ROSE 60', 14, 1, 'MINYAK EUCALYPTUS AROMATHERAPY ROSE', 1, '2024-05-26 07:26:08', '2024-05-26 07:26:08'),
	(69, 'MEA ROSE 120', 14, 1, 'MINYAK EUCALYPTUS AROMATHERAPY ROSE', 1, '2024-05-26 07:26:08', '2024-05-26 07:26:08'),
	(70, 'MEA ROSE 210', 14, 1, 'MINYAK EUCALYPTUS AROMATHERAPY ROSE', 1, '2024-05-26 07:26:08', '2024-05-26 07:26:08'),
	(71, 'MEA LV 15', 14, 1, 'MINYAK EUCALYPTUS AROMATHERAPY LAVENDER', 1, '2024-05-26 07:26:08', '2024-05-26 07:26:08'),
	(72, 'MEA LV 30', 14, 1, 'MINYAK EUCALYPTUS AROMATHERAPY LAVENDER', 1, '2024-05-26 07:26:08', '2024-05-26 07:26:08'),
	(73, 'MEA LV 60', 14, 1, 'MINYAK EUCALYPTUS AROMATHERAPY LAVENDER', 1, '2024-05-26 07:26:08', '2024-05-26 07:26:08'),
	(74, 'MEA LV 120', 14, 1, 'MINYAK EUCALYPTUS AROMATHERAPY LAVENDER', 1, '2024-05-26 07:26:08', '2024-05-26 07:26:08'),
	(75, 'MEA LV 210', 14, 1, 'MINYAK EUCALYPTUS AROMATHERAPY LAVENDER', 1, '2024-05-26 07:26:08', '2024-05-26 07:26:08'),
	(76, 'MEA GT 15', 14, 1, 'MINYAK EUCALYPTUS AROMATHERAPY GREEN TEA', 1, '2024-05-26 07:26:08', '2024-05-26 07:26:08'),
	(77, 'MEA GT 30', 14, 1, 'MINYAK EUCALYPTUS AROMATHERAPY GREEN TEA', 1, '2024-05-26 07:26:08', '2024-05-26 07:26:08'),
	(78, 'MEA GT 60', 14, 1, 'MINYAK EUCALYPTUS AROMATHERAPY GREEN TEA', 1, '2024-05-26 07:26:08', '2024-05-26 07:26:08'),
	(79, 'MEA GT 120', 14, 1, 'MINYAK EUCALYPTUS AROMATHERAPY GREEN TEA', 1, '2024-05-26 07:26:08', '2024-05-26 07:26:08'),
	(80, 'MEA GT 210', 14, 1, 'MINYAK EUCALYPTUS AROMATHERAPY GREEN TEA', 1, '2024-05-26 07:26:08', '2024-05-26 07:26:08'),
	(81, 'MKP 15', 15, 1, 'MINYAK KAYU PUTIH', 1, '2024-05-26 07:26:08', '2024-05-26 07:26:08'),
	(82, 'MKP 30', 15, 1, 'MINYAK KAYU PUTIH', 1, '2024-05-26 07:26:08', '2024-05-26 07:26:08'),
	(83, 'MKP 60', 15, 1, 'MINYAK KAYU PUTIH', 1, '2024-05-26 07:26:08', '2024-05-26 07:26:08'),
	(84, 'MKP 120', 15, 1, 'MINYAK KAYU PUTIH', 1, '2024-05-26 07:26:08', '2024-05-26 07:26:08'),
	(85, 'MKP 210', 15, 1, 'MINYAK KAYU PUTIH', 1, '2024-05-26 07:26:08', '2024-05-26 07:26:08'),
	(86, 'MKPP 15', 16, 1, 'MINYAK KAYU PUTIH PLUS', 1, '2024-05-26 07:26:08', '2024-05-26 07:26:08'),
	(87, 'MKPP 30', 16, 1, 'MINYAK KAYU PUTIH PLUS', 1, '2024-05-26 07:26:08', '2024-05-26 07:26:08'),
	(88, 'MKPP 60', 16, 1, 'MINYAK KAYU PUTIH PLUS', 1, '2024-05-26 07:26:08', '2024-05-26 07:26:08'),
	(89, 'MKPP 120', 16, 1, 'MINYAK KAYU PUTIH PLUS', 1, '2024-05-26 07:26:08', '2024-05-26 07:26:08'),
	(90, 'NORIT', 17, 2, 'NORIT', 1, '2024-05-26 07:26:08', '2024-05-26 07:26:08'),
	(91, 'PROTECARE 200', 18, 2, 'PROTECARE', 1, '2024-05-26 07:26:08', '2024-05-26 07:26:08'),
	(92, 'PSP AMPLOP', 19, 2, 'PIL SAKIT PERUT AMPLOP', 1, '2024-05-26 07:26:08', '2024-05-26 07:26:08'),
	(93, 'PSP SACHET', 19, 2, 'PIL SAKIT PERUT SACHET', 1, '2024-05-26 07:26:08', '2024-05-26 07:26:08'),
	(94, 'PURASIL 30', 20, 1, 'PURASIL', 1, '2024-05-26 07:26:08', '2024-05-26 07:26:08'),
	(95, 'PURASIL 60', 20, 1, 'PURASIL', 1, '2024-05-26 07:26:08', '2024-05-26 07:26:08'),
	(96, 'MSS 30', 21, 1, 'MINYAK SEREH SITRONELA', 1, '2024-05-26 07:26:08', '2024-05-26 07:26:08'),
	(97, 'MSS 60', 21, 1, 'MINYAK SEREH SITRONELA', 1, '2024-05-26 07:26:08', '2024-05-26 07:26:08'),
	(98, 'TL 15', 22, 1, 'TELON LANG', 1, '2024-05-26 07:26:08', '2024-05-26 07:26:08'),
	(99, 'TL 25', 22, 1, 'TELON LANG', 1, '2024-05-26 07:26:08', '2024-05-26 07:26:08'),
	(100, 'TL 30', 22, 1, 'TELON LANG', 1, '2024-05-26 07:26:08', '2024-05-26 07:26:08'),
	(101, 'TL 60', 22, 1, 'TELON LANG', 1, '2024-05-26 07:26:08', '2024-05-26 07:26:08'),
	(102, 'TL 100', 22, 1, 'TELON LANG', 1, '2024-05-26 07:26:08', '2024-05-26 07:26:08'),
	(103, 'TL 150', 22, 1, 'TELON LANG', 1, '2024-05-26 07:26:08', '2024-05-26 07:26:08'),
	(104, 'TLP 15', 23, 1, 'TELON LANG PLUS', 1, '2024-05-26 07:26:08', '2024-05-26 07:26:08'),
	(105, 'TLP 30', 23, 1, 'TELON LANG PLUS', 1, '2024-05-26 07:26:08', '2024-05-26 07:26:08'),
	(106, 'TLP 60', 23, 1, 'TELON LANG PLUS', 1, '2024-05-26 07:26:08', '2024-05-26 07:26:08'),
	(107, 'TLP 100', 23, 1, 'TELON LANG PLUS', 1, '2024-05-26 07:26:08', '2024-05-26 07:26:08'),
	(108, 'TLP 150', 23, 1, 'TELON LANG PLUS', 1, '2024-05-26 07:26:08', '2024-05-26 07:26:08'),
	(109, 'VF ORI 8', 24, 2, 'V FRESH ORIGINAL', 1, '2024-05-26 07:26:08', '2024-05-26 07:26:08'),
	(110, 'VF BM 8', 24, 2, 'V FRESH BARLEY MINT', 1, '2024-05-26 07:26:08', '2024-05-26 07:26:08'),
	(111, 'VF GT 8', 24, 2, 'V FRESH GREEN TEA', 1, '2024-05-26 07:26:08', '2024-05-26 07:26:08'),
	(112, 'VF LAV 8', 24, 2, 'V FRESH LAVENDER', 1, '2024-05-26 07:26:08', '2024-05-26 07:26:08'),
	(113, 'VF HOT 8', 24, 2, 'V FRESH HOT', 1, '2024-05-26 07:26:08', '2024-05-26 07:26:08');

/*!40103 SET TIME_ZONE=IFNULL(@OLD_TIME_ZONE, 'system') */;
/*!40101 SET SQL_MODE=IFNULL(@OLD_SQL_MODE, '') */;
/*!40014 SET FOREIGN_KEY_CHECKS=IFNULL(@OLD_FOREIGN_KEY_CHECKS, 1) */;
/*!40101 SET CHARACTER_SET_CLIENT=@OLD_CHARACTER_SET_CLIENT */;
/*!40111 SET SQL_NOTES=IFNULL(@OLD_SQL_NOTES, 1) */;
